[
    {
        "name": "Gale Reef",
        "image": "reef1.jpg",
        "description": "<p>Gale Reef Sed et augue lorem. In sit amet placerat arcu. Mauris volutpat ipsum ac justo mollis vel vestibulum orci gravida. Vestibulum sit amet porttitor odio. Nulla facilisi. <p>Fusce at pretium felis. Sed consequat libero ut turpis venenatis ut aliquam risus semper. Etiam convallis mi vel risus pretium sodales. Etiam nunc lorem ullamcorper vitae laoreet. "
    },
    {
        "name": "Dawson's Reef",
        "image": "reef2.jpg",
        "description": "<p>Dawson's Reef Sed et augue lorem. In sit amet placerat arcu. Mauris volutpat ipsum ac justo mollis vel vestibulum orci gravida. Vestibulum sit amet porttitor odio. Nulla facilisi. <p>Fusce at pretium felis. Sed consequat libero ut turpis venenatis ut aliquam risus semper. Etiam convallis mi vel risus pretium sodales. Etiam nunc lorem ullamcorper vitae laoreet. "
    },
    {
        "name": "Lawrence's Reef",
        "image": "reef3.jpg",
        "description": "<p>Lawrence's Reef Sed et augue lorem. In sit amet placerat arcu. Mauris volutpat ipsum ac justo mollis vel vestibulum orci gravida. Vestibulum sit amet porttitor odio. Nulla facilisi. <p>Fusce at pretium felis. Sed consequat libero ut turpis venenatis ut aliquam risus semper. Etiam convallis mi vel risus pretium sodales. Etiam nunc lorem ullamcorper vitae laoreet. "
    }
]